{
  "average_distance": {
    "Leuven1" : {
      "cost": 215574,
      "wall_time": 543.7653868198395,
      "cpu_time ": 543.5946
    },
    "Leuven2" : {
      "cost": 137389,
      "wall_time": 1287.3880109786987,
      "cpu_time " : 1286.0946079999999
    },
    "Loggi-n401-k23" : {
      "cost": 43979,
      "wall_time": 1.388213872909546,
      "cpu_time": 1.3865239999999999
    },
    "Loggi-n901-k42" : {
      "cost": 34909,
      "wall_time": 15.203127145767212,
      "cpu_time": 15.197763
    },
    "ORTEC-n242-k12" : {
      "cost": 19708,
      "wall_time": 0.3356916904449463,
      "cpu_time": 0.335361
    },
    "ORTEC-n701-k64" : {
      "cost": 47666,
      "wall_time": 7.1509690284729,
      "cpu_time": 7.146705
    },
    "X-n101-k25" : {
      "cost": 40818,
      "wall_time": 0.03214716911315918,
      "cpu_time": 0.031918
    },
    "X-n561-k42" : {
      "cost": 58779,
      "wall_time": 3.7472751140594482,
      "cpu_time": 3.743836
    },
    "X-n599-k92": {
      "cost": 121950,
      "wall_time": 4.5235888957977295,
      "cpu_time": 4.518228000000001
    },
    "X-n916-k207" : {
      "cost": 351177,
      "wall_time": 15.881579160690308,
      "cpu_time": 15.873695999999999
    },
    "X-n1001-k43" : {
      "cost": 88177,
      "wall_time": 20.358397960662842,
      "cpu_time": 20.345868
    }
  },
  "greedy": {
    "Leuven1" : {
      "cost": 214037,
      "wall_time": 5.300840854644775,
      "cpu_time": 5.29802
    },
    "Leuven2" : {
      "cost": 136515,
      "wall_time": 9.455873966217041,
      "cpu_time": 9.437366
    },
    "Loggi-n401-k23" : {
      "cost": 43852,
      "wall_time": 0.10740017890930176,
      "cpu_time": 0.10714600000000002
    },
    "Loggi-n901-k42" : {
      "cost": 35360,
      "wall_time": 0.5068490505218506,
      "cpu_time": 0.505189
    },
    "ORTEC-n242-k12" : {
      "cost": 21812,
      "wall_time": 0.050614118576049805,
      "cpu_time": 0.049476000000000006
    },
    "ORTEC-n701-k64" : {
      "cost": 47490,
      "wall_time": 0.3115859031677246,
      "cpu_time": 0.310346
    },
    "X-n101-k25" : {
      "cost": 41404,
      "wall_time": 0.01011204719543457,
      "cpu_time": 0.010088000000000003
    },
    "X-n561-k42" : {
      "cost": 59372,
      "wall_time": 0.20175719261169434,
      "cpu_time": 0.200442
    },
    "X-n599-k92": {
      "cost": 119462,
      "wall_time": 0.24168610572814941,
      "cpu_time": 0.23957599999999998
    },
    "X-n916-k207" : {
      "cost": 351618,
      "wall_time": 0.530562162399292,
      "cpu_time": 0.530018
    },
    "X-n1001-k43" : {
      "cost": 87106,
      "wall_time": 0.5995309352874756,
      "cpu_time": 0.597471
    }
  }
}